{"cameraMode":{"drawMode":0,"name":"Shaded","section":"Shading Mode"},"sceneLighting":true,"audioPlay":false,"sceneViewState":{"showFog":true,"showMaterialUpdate":false,"showSkybox":true,"showFlares":true,"showImageEffects":true,"showParticleSystems":true},"in2DMode":false,"pivot":{"x":311.62445068359377,"y":304.4285888671875,"z":4.90509033203125},"rotation":{"x":0.12149565666913986,"y":-0.01458097156137228,"z":0.0017848864663392306,"w":0.9924833178520203},"size":395.9924621582031,"orthographic":false}