{"cameraMode":{"drawMode":5,"name":"Alpha Channel","section":"Miscellaneous"},"sceneLighting":false,"audioPlay":false,"sceneViewState":{"showFog":true,"showMaterialUpdate":false,"showSkybox":false,"showFlares":true,"showImageEffects":true,"showParticleSystems":true},"in2DMode":false,"pivot":{"x":-31.200000762939454,"y":0.7999999523162842,"z":16.200000762939454},"rotation":{"x":0.006433872040361166,"y":-0.9934346675872803,"z":0.08845982700586319,"w":0.07225678116083145},"size":2.9882752895355226,"orthographic":false}