{"cameraMode":{"drawMode":0,"name":"Shaded","section":"Shading Mode"},"sceneLighting":true,"audioPlay":false,"sceneViewState":{"showFog":true,"showMaterialUpdate":false,"showSkybox":true,"showFlares":true,"showImageEffects":true,"showParticleSystems":true},"in2DMode":false,"pivot":{"x":2.809999942779541,"y":1.3200000524520875,"z":2.5299999713897707},"rotation":{"x":-0.27353933453559878,"y":0.17648842930793763,"z":-0.051132407039403918,"w":-0.944146990776062},"size":6.1578850746154789,"orthographic":false}